a,b,measure,emotion,diff,lo,hi,excludes_zero
Kain / narration,Kain / dialogue,share,anger,0.01455738175353502,-0.010035856973795066,0.03882670553121315,FALSE
Kain / narration,Kain / dialogue,share,anticipation,-0.01909633821349893,-0.046741521701076275,0.009360190016926239,FALSE
Kain / narration,Kain / dialogue,share,disgust,0.009014045568043222,-0.015053409093403951,0.030723833128960064,FALSE
Kain / narration,Kain / dialogue,share,fear,0.016057827075207726,-0.007944116235215995,0.04179595768656272,FALSE
Kain / narration,Kain / dialogue,share,joy,0.007042906611933214,-0.014808061734544204,0.028225975723949085,FALSE
Kain / narration,Kain / dialogue,share,sadness,-0.004148753186805881,-0.030328788138960585,0.020148541504327717,FALSE
Kain / narration,Kain / dialogue,share,surprise,-0.0029195253868349244,-0.01978196871208987,0.014663037283072238,FALSE
Kain / narration,Kain / dialogue,share,trust,-0.020507544221579466,-0.051672190155096324,0.011658289171319362,FALSE
Kain / narration,Kain / dialogue,rate100,anger,1.0333549990199646,0.29959178668834696,1.7433715779263528,TRUE
Kain / narration,Kain / dialogue,rate100,anticipation,0.3272967501303521,-0.2953409926058927,0.9538576768420266,FALSE
Kain / narration,Kain / dialogue,rate100,disgust,0.7565038276323934,0.12300178065204674,1.3626094259247519,TRUE
Kain / narration,Kain / dialogue,rate100,fear,1.2626615621576227,0.4598842358668407,2.041881217148815,TRUE
Kain / narration,Kain / dialogue,rate100,joy,0.553798930770887,0.048022627412011624,1.0428362159859401,TRUE
Kain / narration,Kain / dialogue,rate100,sadness,0.5961677546971322,-0.0743505131925896,1.2371703038368267,FALSE
Kain / narration,Kain / dialogue,rate100,surprise,0.23162800565605968,-0.1490825865915183,0.6088514912199456,FALSE
Kain / narration,Kain / dialogue,rate100,trust,0.3594605527131485,-0.3026699369318514,1.0194516810338192,FALSE
Raziel / narration,Raziel / dialogue,share,anger,0.023820506763641086,-0.0047095681532368545,0.0513227867212452,FALSE
Raziel / narration,Raziel / dialogue,share,anticipation,0.018443252427824255,-0.00816448674580535,0.0459438621600368,FALSE
Raziel / narration,Raziel / dialogue,share,disgust,-0.009992122687370042,-0.03188916382120424,0.011361035120615825,FALSE
Raziel / narration,Raziel / dialogue,share,fear,-0.004841962048993426,-0.029539781133365466,0.019580903890744124,FALSE
Raziel / narration,Raziel / dialogue,share,joy,0.012537802483229027,-0.006771187973692658,0.03140438942397196,FALSE
Raziel / narration,Raziel / dialogue,share,sadness,-0.0282670824644127,-0.05414000135345497,-5.865604198588523e-4,TRUE
Raziel / narration,Raziel / dialogue,share,surprise,0.011301966692248498,-0.006119859349878469,0.029023063991575896,FALSE
Raziel / narration,Raziel / dialogue,share,trust,-0.02300236116616669,-0.051012628774540686,0.006951018466611304,FALSE
Raziel / narration,Raziel / dialogue,rate100,anger,0.8098099059341246,0.04873272868670947,1.538807569594214,TRUE
Raziel / narration,Raziel / dialogue,rate100,anticipation,0.6153718805133386,0.08276742114807191,1.1411227554734211,TRUE
Raziel / narration,Raziel / dialogue,rate100,disgust,0.06118938084326553,-0.5042301575873048,0.5824809503039843,FALSE
Raziel / narration,Raziel / dialogue,rate100,fear,0.4122931332219597,-0.3266828296841691,1.146697989564546,FALSE
Raziel / narration,Raziel / dialogue,rate100,joy,0.37864877625776505,-0.01008411052671268,0.7588142366154333,FALSE
Raziel / narration,Raziel / dialogue,rate100,sadness,-0.18227566480461554,-0.8723961132731614,0.5434407527852557,FALSE
Raziel / narration,Raziel / dialogue,rate100,surprise,0.33653796408255243,-0.020329537562625268,0.683533285839282,FALSE
Raziel / narration,Raziel / dialogue,rate100,trust,-0.15420784094681972,-0.7092960205011913,0.4115151083219591,FALSE
Kain / narration,Raziel / narration,share,anger,-0.01607580697905092,-0.03881238281005357,0.007553529321637545,FALSE
Kain / narration,Raziel / narration,share,anticipation,0.0018474117916841282,-0.02274498797812616,0.02669674797102154,FALSE
Kain / narration,Raziel / narration,share,disgust,0.012545167623955703,-0.008150108911336095,0.03321833961585332,FALSE
Kain / narration,Raziel / narration,share,fear,-0.02603201999519661,-0.04868971599245233,-0.002292612124003548,TRUE
Kain / narration,Raziel / narration,share,joy,0.016438776244034753,-0.00372635273098041,0.03524481165721364,FALSE
Kain / narration,Raziel / narration,share,sadness,-0.010851084904956315,-0.03610466831262629,0.012824384152565836,FALSE
Kain / narration,Raziel / narration,share,surprise,-0.004350882049236268,-0.02058441712629559,0.011721061465645688,FALSE
Kain / narration,Raziel / narration,share,trust,0.026478438268765503,-0.0010608953374017973,0.054483453748363754,FALSE
Kain / narration,Raziel / narration,rate100,anger,0.0049727748159278384,-0.7766159453964071,0.7363198994161604,FALSE
Kain / narration,Raziel / narration,rate100,anticipation,0.31079842599548346,-0.23261048060623538,0.8797219577883637,FALSE
Kain / narration,Raziel / narration,rate100,disgust,0.5040392424705291,-0.07589222557201376,1.108610123034788,FALSE
Kain / narration,Raziel / narration,rate100,fear,-0.10993167740942678,-0.9751389321088016,0.7330862796524338,FALSE
Kain / narration,Raziel / narration,rate100,joy,0.511604530986224,0.055908863058555115,0.9696633091802292,TRUE
Kain / narration,Raziel / narration,rate100,sadness,0.061037778685747224,-0.6584414677761511,0.7247387433944604,FALSE
Kain / narration,Raziel / narration,rate100,surprise,0.030367280354582915,-0.3254760894623976,0.4001443040562879,FALSE
Kain / narration,Raziel / narration,rate100,trust,0.8293618095442405,0.2585810221571491,1.4236109728089803,TRUE
Kain / dialogue,Raziel / dialogue,share,anger,-0.006812681968944856,-0.03316343777908437,0.021335307374256183,FALSE
Kain / dialogue,Raziel / dialogue,share,anticipation,0.039387002433007315,0.009646713455336006,0.06878620706405546,TRUE
Kain / dialogue,Raziel / dialogue,share,disgust,-0.006461000631457561,-0.030414326198905814,0.016427179287451528,FALSE
Kain / dialogue,Raziel / dialogue,share,fear,-0.04693180911939776,-0.0736062685729529,-0.02164122642063822,TRUE
Kain / dialogue,Raziel / dialogue,share,joy,0.021933672115330566,0.0019799205858062894,0.04184296216085457,TRUE
Kain / dialogue,Raziel / dialogue,share,sadness,-0.034969414182563135,-0.06240861398602926,-0.007822175881914325,TRUE
Kain / dialogue,Raziel / dialogue,share,surprise,0.009870610029847154,-0.008671136396067008,0.028551222333305717,FALSE
Kain / dialogue,Raziel / dialogue,share,trust,0.023983621324178278,-0.009908100604666827,0.05784861254837922,FALSE
Kain / dialogue,Raziel / dialogue,rate100,anger,-0.2185723182699122,-0.8428029041672869,0.4822324687030921,FALSE
Kain / dialogue,Raziel / dialogue,rate100,anticipation,0.59887355637847,0.03456404916240836,1.1795480147137432,TRUE
Kain / dialogue,Raziel / dialogue,rate100,disgust,-0.1912752043185988,-0.735534473529335,0.36225144698376,FALSE
Kain / dialogue,Raziel / dialogue,rate100,fear,-0.9603001063450898,-1.6640350773786603,-0.2417989672436204,TRUE
Kain / dialogue,Raziel / dialogue,rate100,joy,0.33645437647310206,-0.07132062488993705,0.7618805585140507,FALSE
Kain / dialogue,Raziel / dialogue,rate100,sadness,-0.7174056408160006,-1.3693966321387296,-0.08681295612378304,TRUE
Kain / dialogue,Raziel / dialogue,rate100,surprise,0.13527723878107567,-0.2540608821302907,0.5245850685454623,FALSE
Kain / dialogue,Raziel / dialogue,rate100,trust,0.31569341588427235,-0.3178604939077172,0.9734193871787574,FALSE
Kain / dialogue,Supporting / dialogue,share,anger,0.005039522548682673,-0.015438479501921235,0.02740582961769639,FALSE
Kain / dialogue,Supporting / dialogue,share,anticipation,-0.00994328209767023,-0.03542417708183489,0.016738741293881563,FALSE
Kain / dialogue,Supporting / dialogue,share,disgust,0.008058115873332355,-0.012084887305885672,0.02848225466088232,FALSE
Kain / dialogue,Supporting / dialogue,share,fear,-0.006210187500339387,-0.030412206448345955,0.016398582558433603,FALSE
Kain / dialogue,Supporting / dialogue,share,joy,-0.007211730543804501,-0.026056135398904764,0.011423313862625666,FALSE
Kain / dialogue,Supporting / dialogue,share,sadness,-0.001347544745545215,-0.02273290566551279,0.02140840562549263,FALSE
Kain / dialogue,Supporting / dialogue,share,surprise,8.968115865574458e-4,-0.014962399684209473,0.0169701143729638,FALSE
Kain / dialogue,Supporting / dialogue,share,trust,0.010718294878786894,-0.016104662357248917,0.03898226335841209,FALSE
Kain / dialogue,Supporting / dialogue,rate100,anger,-0.21548414799573568,-0.7279796287967578,0.3498587721014407,FALSE
Kain / dialogue,Supporting / dialogue,rate100,anticipation,-0.5245130588627931,-1.0338658796246762,0.013662642309895678,FALSE
Kain / dialogue,Supporting / dialogue,rate100,disgust,-0.08922149249020905,-0.5460819088175635,0.38569169793807,FALSE
Kain / dialogue,Supporting / dialogue,rate100,fear,-0.519942744459903,-1.1051536671907676,0.1003397324835503,FALSE
Kain / dialogue,Supporting / dialogue,rate100,joy,-0.31501200826948983,-0.6973274199250572,0.09927317676711532,FALSE
Kain / dialogue,Supporting / dialogue,rate100,sadness,-0.3299041307072863,-0.8427345929481462,0.19085312001456348,FALSE
Kain / dialogue,Supporting / dialogue,rate100,surprise,-0.11348584750420299,-0.44123373465171173,0.2274523175328882,FALSE
Kain / dialogue,Supporting / dialogue,rate100,trust,-0.15217911741515966,-0.6722844693110022,0.3851284638239312,FALSE
Raziel / dialogue,Supporting / dialogue,share,anger,0.01185220451762753,-0.009655851231875618,0.03576962229619029,FALSE
Raziel / dialogue,Supporting / dialogue,share,anticipation,-0.049330284530677546,-0.073283045093058,-0.024333158641012632,TRUE
Raziel / dialogue,Supporting / dialogue,share,disgust,0.014519116504789917,-0.005794269234303514,0.03401045623084259,FALSE
Raziel / dialogue,Supporting / dialogue,share,fear,0.040721621619058374,0.01992978224068105,0.06397116810931643,TRUE
Raziel / dialogue,Supporting / dialogue,share,joy,-0.029145402659135067,-0.046746416016393316,-0.012079970445415663,TRUE
Raziel / dialogue,Supporting / dialogue,share,sadness,0.03362186943701792,0.012661903287662792,0.05538731483953723,TRUE
Raziel / dialogue,Supporting / dialogue,share,surprise,-0.008973798443289709,-0.025087261725935055,0.006781836658467814,FALSE
Raziel / dialogue,Supporting / dialogue,share,trust,-0.013265326445391384,-0.040923722991000826,0.013645054260205439,FALSE
Raziel / dialogue,Supporting / dialogue,rate100,anger,0.003088170274176516,-0.5205289316788253,0.5749904157622108,FALSE
Raziel / dialogue,Supporting / dialogue,rate100,anticipation,-1.123386615241263,-1.61288469168103,-0.6290974052076866,TRUE
Raziel / dialogue,Supporting / dialogue,rate100,disgust,0.10205371182838974,-0.3506955534428826,0.5468792878617659,FALSE
Raziel / dialogue,Supporting / dialogue,rate100,fear,0.4403573618851868,-0.15506829266235392,1.0386419618421612,FALSE
Raziel / dialogue,Supporting / dialogue,rate100,joy,-0.6514663847425919,-0.9875655952939136,-0.31390618708809187,TRUE
Raziel / dialogue,Supporting / dialogue,rate100,sadness,0.38750151010871425,-0.14953531074562673,0.9440041102807636,FALSE
Raziel / dialogue,Supporting / dialogue,rate100,surprise,-0.24876308628527866,-0.5921701844169517,0.07443471975647281,FALSE
Raziel / dialogue,Supporting / dialogue,rate100,trust,-0.467872533299432,-0.9860988424078356,0.05099534027031576,FALSE
